,Kp candidates
0,"Consequently, my starting-point is that the Greek Supreme Court, when dealing with the applicant's appeal against his conviction by the Patras Court of Appeal, in principle could and should have applied Article 10 (art."
1,"6-1) applies to a civil claim for compensation in respect of ill treatment allegedly committed by agents of the State (see, for example, the Tomasi judgment cited at paragraph 61 above, p. 43, paras."
2,"I consider that ""where there is doubt"", and especially where there is doubt, domestic remedies must be exhausted as required by the Commission (decision of 14 March 1985, Garcia v. Switzerland, application no."
3,"In order to establish the scope of the State’s obligations, the facts of the case must be considered (see, mutatis mutandis, the Abdulaziz, Cabales and Balkandali judgment previously cited, p. 34, para."
4,"The notion of security of person has not been given an independent interpretation (see in this respect Selçuk and Asker v. Turkey, nos."
5,"As regards the applicant's complaints concerning the decisions of the courts in the criminal proceedings, the Commission recalls that, in accordance with Article 19 (Art."
6,"The Court reiterates that, according to its case-law, the relevant national ""law"", which includes both statute and common law (see, inter alia, the Sunday Times v. the United Kingdom (no."
7,The Court points out that in the Chorherr v. Austria judgment of 25 August 1993 it held that Austria's reservation in respect of Article 5 (art.
8,"21) that there is ipso facto such a relationship (see also the Hokkanen v. Finland judgment of 23 September 1994, Series A no."
9,"There can be no doubt that sexual orientation and activity concern an intimate aspect of private life (see, mutatis mutandis, the Dudgeon v. the United Kingdom judgment of 22 October 1981, Series A no."
10," The Commission cannot find that the second applicant's placement
in the ""family home"" and the related access restrictions amount to a
deprivation of his liberty within the meaning of Article 5 (Art."
11,"In so far as the complaint has been lodged by the third and the
fourth applicant, the Commission recalls that in order for Article 6
para."
12,"7) of the Convention, namely to ensure that no one should be subjected to arbitrary prosecution, conviction or punishment (see paragraph 32 above)."
13,"In these respects, as was also observed by the Commission, the present case differs from the cases of Kostovski (Kostovski v. the Netherlands judgment of 20 November 1989, Series A no."
14,"To the extent that the absence of an oral hearing is raised, the
respondent Government also rely on the Austrian reservation to Article
6 (Art."
15,8) in this connection have already been found in the present judgment to have been compatible with the requirements of Article 8 (art.
16," In these circumstances, the Court does not find that the deprivation of the applicant’s liberty during the period under consideration was ""lawful detention"" effected ""on reasonable suspicion of [his] having committed an offence""."
17,"The Court discerns no reason, on the material before it, for not concluding that each of the various measures was ""in accordance with the law"", within the meaning of Article 8 para."
18,"Having regard to the conclusion it reached with regard to Article 5 § 3 (see paragraph 106), the Court considers that such a lengthy period sits ill with the notion of “speedily”"
19,"The Court recalls, however, that because of the special circumstances which existed in his case (see paragraph 57 above), Mr Aksoy did not even attempt to make an application before the civil courts."
